,Language,Global Speakers,Size,Status,Global Speakers Category
0,Abaza,49800,Smallest,Residential,low
1,Abruzzese,31136914.04,Small,Residential,high
2,Abruzzese,31136914.04,Small,Historical,high
3,Acehnese,3500000,Smallest,Community,low
4,Acehnese,3500000,Smallest,Residential,low
5,Adjoukrou,140000,Smallest,Residential,low
6,Adyghe,117500,Small,Residential,low
7,Afenmai,270000,Smallest,Residential,low
8,African-American English,45109521,Largest,Residential,high
9,African-American English,45109521,Largest,Residential,high
10,African-American English,45109521,Largest,Residential,high
11,African-American English,45109521,Largest,Residential,high
12,African-American English,45109521,Largest,Residential,high
13,African-American English,45109521,Largest,Residential,high
14,African-American English,45109521,Large,Residential,high
15,Afrikaans,17543580,Small,Community,low
16,Akan,9231300,Small,Residential,low
17,Akan,9231300,Small,Residential,low
18,Akan,9231300,Large,Residential,low
19,Akan,9231300,Medium,Historical,low
20,Aklanon,525600,Smallest,Residential,low
21,Algerian Arabic,32387600,Medium,Residential,high
22,Algerian Arabic,32387600,Medium,Residential,high
23,Alsatian,500000,Small,Residential,low
24,Amdo Tibetan,1800000,Medium,Residential,low
25,Amdo Tibetan,1800000,Small,Community,low
26,American Sign Language,271700,Large,Residential,low
27,American Sign Language,271700,Large,Residential,low
28,American Sign Language,271700,Large,Residential,low
29,American Sign Language,271700,Large,Residential,low
30,American Sign Language,271700,Large,Residential,low
31,Amharic,25880630,Small,Residential,low
32,Amharic,25880630,Small,Residential,low
33,Amharic,25880630,Small,Residential,low
34,Amuzgo,45900,Smallest,Residential,low
35,Anaang,2550000,Small,Residential,low
36,Ancient Greek,31136914.04,Smallest,Reviving,high
37,Antigua and Barbuda Creole,150000,Small,Community,low
38,Ao,31136914.04,Smallest,Residential,high
39,Appolo,412000,Smallest,Residential,low
40,Apulo-Lucano,31136914.04,Small,Historical,high
41,Arbëresh,380000,Small,Residential,low
42,Arbëresh,380000,Small,Historical,low
43,Arbëresh,380000,Small,Historical,low
44,Argentine Spanish,45000000,Medium,Residential,high
45,Aromanian,181120,Small,Residential,low
46,Aromanian,181120,Medium,Residential,low
47,Ashanti,3800000,Medium,Residential,low
48,Ashanti,3800000,Small,Residential,low
49,Ashanti,3800000,Small,Residential,low
50,Assamese,15329040,Smallest,Residential,low
51,Assyrian Neo-Aramaic,587320,Small,Residential,low
52,Asturian,560000,Smallest,Residential,low
53,Australian English,24000000,Medium,Residential,low
54,Austrian German,8859000,Medium,Community,low
55,Austrian German,8859000,Small,Residential,low
56,Avar,766500,Smallest,Residential,low
57,Avestan,31136914.04,Medium,Liturgical,high
58,Aymara,1677100,Smallest,Residential,low
59,Azeri,9197760,Small,Community,low
60,Azeri,9197760,Medium,Residential,low
61,Azeri,9197760,Medium,Residential,low
62,Bafut,100000,Smallest,Residential,low
63,Bahamian Creole,250000,Small,Community,low
64,Bahing,15250,Smallest,Residential,low
65,Balanta-Ganja,96000,Smallest,Residential,low
66,Balinese,3300000,Small,Residential,low
67,Balkan Romani,809940,Small,Residential,low
68,Balochi,4086000,Smallest,Residential,low
69,Balti,392800,Smallest,Residential,low
70,Balti,392800,Small,Residential,low
71,Bambara,14102320,Small,Residential,low
72,Bambara,14102320,Medium,Residential,low
73,Bambara,14102320,Large,Residential,low
74,Banguingui,84000,Smallest,Residential,low
75,Banjarese,3655000,Smallest,Residential,low
76,Bantawa,195100,Small,Residential,low
77,Baoulé,4650000,Smallest,Residential,low
78,Baoulé,4650000,Small,Residential,low
79,Baoulé,4650000,Smallest,Residential,low
80,Baragaun,7500,Smallest,Residential,low
81,Baragaun,7500,Small,Residential,low
82,Baragaun,7500,Small,Residential,low
83,Barbadian Creole,260000,Medium,Residential,low
84,Barbadian Creole,260000,Small,Residential,low
85,Bartangi,80000,Smallest,Residential,low
86,Basaa,300000,Small,Residential,low
87,Basque,537860,Small,Historical,low
88,Basque,537860,Small,Community,low
89,Basque,537860,Small,Residential,low
90,Bassa,653000,Small,Residential,low
91,Batak,3000000,Small,Residential,low
92,Batak (Karo),600000,Small,Residential,low
93,Batak (Toba),2000000,Small,Residential,low
94,Bavarian,14359000,Large,Historical,low
95,Bavarian,14359000,Small,Residential,low
96,Baïnounk,20000,Smallest,Residential,low
97,Belarusian,3843110,Smallest,Community,low
98,Belarusian,3843110,Small,Residential,low
99,Belarusian,3843110,Smallest,Residential,low
100,Belarusian,3843110,Small,Residential,low
101,Belizean Creole,390000,Medium,Residential,low
102,Bemba,4110000,Smallest,Community,low
103,Beneventano,31136914.04,Small,Residential,high
104,Bengali,77136760.11,Largest,Residential,high
105,Bengali,77136760.11,Small,Residential,high
106,Bengali,77136760.11,Large,Residential,high
107,Bengali,77136760.11,Largest,Residential,high
108,Bengali,77136760.11,Smallest,Historical,high
109,Bengali,77136760.11,Large,Residential,high
110,Bengali,77136760.11,Large,Residential,high
111,Betawi Malay,5000000,Smallest,Residential,low
112,Bhojpuri,52405300,Small,Residential,high
113,Bhojpuri,52405300,Small,Community,high
114,Biblical Hebrew,31136914.04,Medium,Liturgical,high
115,Biblical Hebrew,31136914.04,Medium,Liturgical,high
116,Biblical Hebrew,31136914.04,Medium,Liturgical,high
117,Bicolano,31136914.04,Small,Residential,high
118,Bicolano,31136914.04,Smallest,Historical,high
119,Bishnupriya Manipuri,119600,Small,Residential,low
120,Bislama,10000,Smallest,Community,low
121,Bolivian Quechua,1600000,Small,Residential,low
122,Bolivian Spanish,4500000,Medium,Residential,low
123,Bolivian Spanish,4500000,Medium,Residential,low
124,Bomu,304000,Smallest,Residential,low
125,Bontoc,41000,Smallest,Historical,low
126,Bosnian,8779176,Small,Residential,low
127,Bosnian,8779176,Small,Community,low
128,Bosnian,8779176,Small,Residential,low
129,Brazilian Portuguese,77136760.11,Medium,Residential,high
130,Brazilian Portuguese,77136760.11,Medium,Residential,high
131,Brazilian Portuguese,77136760.11,Medium,Residential,high
132,Brazilian Portuguese,77136760.11,Medium,Community,high
133,Breton,206000,Smallest,Historical,low
134,Breton,206000,Small,Residential,low
135,Breton,206000,Small,Historical,low
136,Bribri,7000,Smallest,Residential,low
137,British English,67886004,Medium,Residential,high
138,Buginese,4027800,Smallest,Residential,low
139,Buginese,4027800,Smallest,Community,low
140,Bukhori,110600,Small,Community,low
141,Bukhori,110600,Small,Residential,low
142,Bukhori,110600,Large,Residential,low
143,Bulgarian,8144880,Small,Residential,low
144,Bulgarian,8144880,Small,Residential,low
145,Bulgarian Turkish,77136760.11,Smallest,Residential,high
146,Buli,168000,Smallest,Residential,low
147,Bumthang,20000,Smallest,Residential,low
148,Burmese,42912350,Smallest,Community,high
149,Burmese,42912350,Small,Community,high
150,Burmese,42912350,Small,Community,high
151,Burmese,42912350,Medium,Residential,high
152,Burushaski,112000,Smallest,Residential,low
153,Buryat,219000,Small,Residential,low
154,Bzedukh,31136914.04,Smallest,Residential,high
155,Bété,500000,Smallest,Residential,low
156,Calabrese,31136914.04,Small,Residential,high
157,Calabrese,31136914.04,Small,Historical,high
158,Calabrese (Gioiosano),31136914.04,Medium,Residential,high
159,Calabrese (Sanfilese),31136914.04,Medium,Residential,high
160,Cameroonian Pidgin English,12000000,Small,Residential,low
161,Camfranglais,31136914.04,Small,Residential,high
162,Canadian English,37590000,Medium,Community,high
163,Cantonese,73538610,Large,Residential,high
164,Cantonese,73538610,Small,Residential,high
165,Cantonese,73538610,Large,Residential,high
166,Cantonese,73538610,Largest,Residential,high
167,Cantonese,73538610,Largest,Residential,high
168,Cantonese,73538610,Large,Residential,high
169,Cape Verdean Creole,1191000,Small,Residential,low
170,Cape Verdean Creole,1191000,Smallest,Residential,low
171,Caribbean Hindustani,208100,Smallest,Residential,low
172,Castilian Spanish,2408000,Small,Historical,low
173,Castilian Spanish,2408000,Medium,Community,low
174,Castilian Spanish,2408000,Medium,Residential,low
175,Catalan,9153310,Small,Community,low
176,Cebuano,15942480,Medium,Residential,low
177,Cebuano,15942480,Smallest,Residential,low
178,Central American Spanish,44530000,Large,Residential,high
179,Central American Spanish,44530000,Medium,Residential,high
180,Central American Spanish,44530000,Large,Residential,high
181,Central American Spanish,44530000,Large,Residential,high
182,Central American Spanish,44530000,Small,Residential,high
183,Central American Spanish,44530000,Medium,Residential,high
184,Central Malay,400000,Small,Residential,low
185,Chadian Arabic,1757300,Smallest,Community,low
186,Chak,4000,Smallest,Residential,low
187,Chakhar Mongolian,31136914.04,Smallest,Residential,high
188,Chakma,378000,Smallest,Residential,low
189,Chaldean Neo-Aramaic,241610,Smallest,Residential,low
190,Chamling,77000,Smallest,Residential,low
191,Chamorro,64300,Smallest,Community,low
192,Changki,31136914.04,Smallest,Residential,high
193,Changzhounese,77136760.11,Small,Residential,high
194,Chantyal,4750,Smallest,Residential,low
195,Chaouia,2178100,Smallest,Residential,low
196,Chavacano,431000,Smallest,Residential,low
197,Chechen,1502350,Smallest,Residential,low
198,Chechen,1502350,Smallest,Residential,low
199,Cherepon,132000,Smallest,Residential,low
200,Cherokee,1520,Smallest,Community,low
201,Chewa,9690520,Smallest,Community,low
202,Chiga,1600000,Smallest,Residential,low
203,Chilean Spanish,18729160,Small,Residential,low
204,Chinantec,130000,Smallest,Residential,low
205,Chinantec,130000,Smallest,Residential,low
206,Chiricahua Apache,1500,Smallest,Residential,low
207,Chittagonian,13000000,Medium,Residential,low
208,Chocha-ngacha,20000,Smallest,Residential,low
209,Chuj,61630,Smallest,Residential,low
210,Church Slavonic,31136914.04,Smallest,Liturgical,high
211,Church Slavonic,31136914.04,Medium,Liturgical,high
212,Chuukese,100090,Smallest,Community,low
213,Chuvash,1282270,Smallest,Residential,low
214,Cilentano,250000,Small,Residential,low
215,Cilentano,250000,Small,Residential,low
216,Cilentano,250000,Small,Residential,low
217,Classical Arabic,31136914.04,Large,Liturgical,high
218,Classical Arabic,31136914.04,Medium,Liturgical,high
219,Classical Arabic,31136914.04,Large,Liturgical,high
220,Classical Arabic,31136914.04,Large,Liturgical,high
221,Classical Armenian,31136914.04,Medium,Liturgical,high
222,Classical Armenian,31136914.04,Medium,Liturgical,high
223,Classical Latin,31136914.04,Smallest,Reviving,high
224,Classical Tibetan,1186710,Small,Community,low
225,Classical Tibetan,1186710,Medium,Liturgical,low
226,Colombian Spanish,49650000,Medium,Residential,high
227,Colombian Spanish,49650000,Largest,Residential,high
228,Colombian Spanish,49650000,Medium,Residential,high
229,Comorian,1100000,Smallest,Community,low
230,Coptic,31136914.04,Medium,Liturgical,high
231,Coptic,31136914.04,Small,Liturgical,high
232,Coptic,31136914.04,Small,Liturgical,high
233,Cretan Greek,634930,Medium,Residential,low
234,Crimean Tatar,541540,Medium,Residential,low
235,Croatian,6741420,Small,Community,low
236,Croatian,6741420,Small,Community,low
237,Croatian,6741420,Medium,Residential,low
238,Cuban Spanish,11340000,Large,Residential,low
239,Cuban Spanish,11340000,Medium,Residential,low
240,Cuban Spanish,11340000,Medium,Historical,low
241,Cuicatec,8680,Smallest,Reviving,low
242,Cypriot Greek,700000,Medium,Residential,low
243,Cypriot Turkish,31136914.04,Small,Residential,high
244,Czech,13386850,Small,Residential,low
245,Czech,13386850,Small,Residential,low
246,Dagaare,1100000,Smallest,Residential,low
247,Dagbani,1160000,Smallest,Residential,low
248,Dangme,1020000,Small,Residential,low
249,Danish,5632990,Smallest,Historical,low
250,Danish,5632990,Small,Residential,low
251,Danube Swabian,230509,Smallest,Residential,low
252,Darfurian Arabic,9241369,Small,Residential,low
253,Dari,9000400,Medium,Residential,low
254,Dari,9000400,Smallest,Community,low
255,Dari,9000400,Small,Community,low
256,Dawei Burmese,31136914.04,Smallest,Community,high
257,Dawei Burmese,31136914.04,Smallest,Residential,high
258,Denjongke,70300,Smallest,Residential,low
259,Dhivehi,331000,Smallest,Community,low
260,Dinka,1352120,Small,Community,low
261,Dolpo,8000,Smallest,Residential,low
262,Dominican Creole (English),43000,Smallest,Residential,low
263,Dominican Creole (French),43000,Smallest,Residential,low
264,Dominican Spanish,10630000,Largest,Residential,low
265,Dominican Spanish,10630000,Largest,Residential,low
266,Dominican Spanish,10630000,Largest,Residential,low
267,Dominican Spanish,10630000,Largest,Residential,low
268,Dominican Spanish,10630000,Largest,Residential,low
269,Dominican Spanish,10630000,Largest,Residential,low
270,Dominican Spanish,10630000,Largest,Residential,low
271,Duala,88000,Smallest,Residential,low
272,Dungan,108400,Smallest,Residential,low
273,Dutch,23069480,Large,Historical,low
274,Dutch,23069480,Medium,Residential,low
275,Dutch,23069480,Large,Historical,low
276,Dutch,23069480,Medium,Residential,low
277,Dyula,12486000,Medium,Residential,low
278,Dyula,12486000,Smallest,Residential,low
279,Dyula,12486000,Medium,Residential,low
280,Dzongkha,237080,Smallest,Residential,low
281,Dzongkha,237080,Small,Residential,low
282,Eastern Armenian,3843000,Medium,Residential,low
283,Ebrié,152000,Smallest,Residential,low
284,Ecclesiastical Latin,31136914.04,Medium,Liturgical,high
285,Ecclesiastical Latin,31136914.04,Medium,Liturgical,high
286,Ecuadorian Kichwa,1000000,Medium,Residential,low
287,Ecuadorian Kichwa,1000000,Medium,Residential,low
288,Ecuadorian Kichwa,1000000,Medium,Residential,low
289,Ecuadorian Spanish,17080000,Large,Residential,low
290,Ecuadorian Spanish,17080000,Medium,Residential,low
291,Ecuadorian Spanish,17080000,Large,Residential,low
292,Ecuadorian Spanish,17080000,Medium,Residential,low
293,Ecuadorian Spanish,17080000,Largest,Residential,low
294,Edo,1641670,Smallest,Residential,low
295,Edo,1641670,Small,Residential,low
296,Edo,1641670,Small,Residential,low
297,Efik,2405260,Medium,Residential,low
298,Egyptian Arabic,64618100,Medium,Residential,high
299,Egyptian Arabic,64618100,Medium,Residential,high
300,Egyptian Arabic,64618100,Large,Residential,high
301,Egyptian Arabic,64618100,Medium,Residential,high
302,Egyptian Arabic,64618100,Small,Residential,high
303,Egyptian Judeo-Arabic,31136914.04,Smallest,Residential,high
304,Emiliano,31136914.04,Small,Historical,high
305,Emiliano,31136914.04,Small,Residential,high
306,Esan,300000,Small,Residential,low
307,Esperanto,2001000,Small,Community,low
308,Estonian,1252770,Smallest,Residential,low
309,Estonian,1252770,Small,Community,low
310,Ewe,4685760,Medium,Residential,low
311,Ewe,4685760,Smallest,Residential,low
312,Ewondo,578000,Small,Residential,low
313,Falam Chin,107000,Smallest,Community,low
314,Falam Chin,107000,Smallest,Community,low
315,Fang,1106100,Smallest,Community,low
316,Fante,2700000,Medium,Residential,low
317,Fe'fe',140000,Small,Residential,low
318,Fijian,670710,Smallest,Community,low
319,Finnish,6305020,Small,Historical,low
320,Finnish,6305020,Small,Community,low
321,Finnish,6305020,Medium,Residential,low
322,Flemish,6500000,Smallest,Historical,low
323,Fon,1935500,Smallest,Residential,low
324,Frafra,663100,Smallest,Residential,low
325,Franconian,31136914.04,Smallest,Residential,high
326,French,77136760.11,Large,Residential,high
327,French,77136760.11,Medium,Residential,high
328,French,77136760.11,Medium,Community,high
329,French,77136760.11,Large,Residential,high
330,French,77136760.11,Medium,Residential,high
331,French,77136760.11,Medium,Residential,high
332,French,77136760.11,Medium,Residential,high
333,French Guianese Creole,300000,Smallest,Residential,low
334,Frisian,470000,Smallest,Historical,low
335,Friulian,300000,Small,Historical,low
336,Friulian,300000,Small,Residential,low
337,Fujianese,50462190,Largest,Residential,high
338,Fujianese,50462190,Largest,Residential,high
339,Fujianese,50462190,Largest,Residential,high
340,Fujianese,50462190,Largest,Residential,high
341,Fulani,14485000,Medium,Residential,low
342,Fulani,14485000,Medium,Residential,low
343,Fulani,14485000,Medium,Residential,low
344,Fur,745800,Smallest,Residential,low
345,Ga,745000,Small,Residential,low
346,Gagnoa Bété,150000,Small,Residential,low
347,Galician,2372000,Medium,Residential,low
348,Galician,2372000,Medium,Residential,low
349,Galician,2372000,Small,Residential,low
350,Gallo-Italic,31136914.04,Smallest,Historical,high
351,Gan,22100000,Small,Residential,low
352,Garifuna,175000,Small,Residential,low
353,Garifuna,175000,Smallest,Residential,low
354,Garifuna,175000,Medium,Residential,low
355,Garifuna,175000,Largest,Residential,low
356,Garo,1270000,Smallest,Residential,low
357,Geg Albanian,3856370,Medium,Residential,low
358,Geg Albanian,3856370,Medium,Residential,low
359,Geg Albanian,3856370,Medium,Residential,low
360,Geg Albanian,3856370,Large,Residential,low
361,Gen-Gbe,325000,Smallest,Residential,low
362,Georgian,3858920,Small,Residential,low
363,Georgian,3858920,Small,Community,low
364,Georgian,3858920,Medium,Residential,low
365,German,77136760.11,Largest,Historical,high
366,German,77136760.11,Medium,Residential,high
367,German,77136760.11,Small,Residential,high
368,German,77136760.11,Large,Residential,high
369,German,77136760.11,Largest,Historical,high
370,Geʽez,31136914.04,Small,Liturgical,high
371,Geʽez,31136914.04,Small,Liturgical,high
372,Ghale,18000,Smallest,Residential,low
373,Ghanaian English,31136914.04,Large,Residential,high
374,Ghomala,350000,Small,Residential,low
375,Gikuyu,6623000,Smallest,Residential,low
376,Gikuyu,6623000,Smallest,Community,low
377,Gilbertese,119881,Smallest,Community,low
378,Gio,1534800,Smallest,Residential,low
379,Gola,161000,Smallest,Residential,low
380,Gottscheerisch,31136914.04,Medium,Residential,high
381,Gourmanché,1064200,Smallest,Residential,low
382,Greek,13170460,Medium,Residential,low
383,Greek,13170460,Medium,Historical,low
384,Greek,13170460,Large,Residential,low
385,Greek,13170460,Medium,Residential,low
386,Greek,13170460,Medium,Residential,low
387,Grenadian Creole,89000,Medium,Residential,low
388,Grenadian Creole,89000,Medium,Residential,low
389,Guadeloupean Creole,600000,Smallest,Residential,low
390,Guarani,6162840,Small,Residential,low
391,Guarani,6162840,Small,Residential,low
392,Guiberoua Bété,130000,Small,Residential,low
393,Guinea-Bissau Creole,1305800,Smallest,Residential,low
394,Gujarati,60588970,Largest,Residential,high
395,Gujarati,60588970,Medium,Community,high
396,Gujarati,60588970,Largest,Residential,high
397,Gujarati,60588970,Medium,Residential,high
398,Gulf Arabic,9750000,Medium,Community,low
399,Gullah,250000,Smallest,Residential,low
400,Gullah,250000,Smallest,Residential,low
401,Gun-Gbe,934000,Smallest,Residential,low
402,Gurage,1860000,Smallest,Residential,low
403,Gurjar,1653000,Smallest,Residential,low
404,Guro,500000,Smallest,Residential,low
405,Gurung,381800,Smallest,Residential,low
406,Gurung,381800,Small,Residential,low
407,Guyanese Creole,50000,Large,Residential,low
408,Guyanese Creole,50000,Medium,Residential,low
409,Guyanese Creole,50000,Largest,Residential,low
410,Guyanese Creole,50000,Large,Residential,low
411,Gyalsumdo,200,Smallest,Residential,low
412,Hainanese (Southern Min),50462190,Medium,Residential,high
413,Haitian Creole,7613800,Largest,Residential,low
414,Haitian Creole,7613800,Medium,Residential,low
415,Haitian Creole,7613800,Largest,Residential,low
416,Haitian Creole,7613800,Largest,Residential,low
417,Haitian Creole,7613800,Medium,Residential,low
418,Haketia,133016,Smallest,Residential,low
419,Haketia,133016,Smallest,Residential,low
420,Hakha Chin,210410,Smallest,Community,low
421,Hakka,48467490,Small,Residential,high
422,Hakka,48467490,Small,Residential,high
423,Hamgyŏng Korean (Joseonjok),3000000,Medium,Residential,low
424,Hasidic Yiddish,31136914.04,Medium,Residential,high
425,Hasidic Yiddish,31136914.04,Largest,Residential,high
426,Hasidic Yiddish,31136914.04,Largest,Residential,high
427,Hasidic Yiddish,31136914.04,Largest,Residential,high
428,Hassaniya Arabic,2840000,Small,Residential,low
429,Hassaniya Arabic,2840000,Small,Residential,low
430,Hausa,74930300,Small,Residential,high
431,Hausa,74930300,Small,Residential,high
432,Hausa,74930300,Small,Residential,high
433,Hausa,74930300,Small,Residential,high
434,Hawaiian,27200,Smallest,Community,low
435,Hawaiian English,600000,Small,Community,low
436,Hazara,8000000,Small,Residential,low
437,Hebrew,9303950,Small,Residential,low
438,Hebrew,9303950,Large,Residential,low
439,Hebrew,9303950,Medium,Residential,low
440,Hebrew,9303950,Medium,Residential,low
441,Hebrew,9303950,Large,Residential,low
442,Hebrew,9303950,Medium,Residential,low
443,Herero,211700,Small,Residential,low
444,Hindi,77136760.11,Largest,Residential,high
445,Hindi,77136760.11,Medium,Community,high
446,Hindi,77136760.11,Large,Residential,high
447,Hindi,77136760.11,Medium,Community,high
448,Hindi,77136760.11,Large,Residential,high
449,Hmong,7710850,Smallest,Residential,low
450,Hokkien,50462190,Medium,Residential,high
451,Hopi,6080,Smallest,Historical,low
452,Hunanese,37300000,Medium,Residential,high
453,Hungarian,12574280,Medium,Residential,low
454,Hungarian,12574280,Large,Community,low
455,Hungarian,12574280,Medium,Residential,low
456,Hungarian,12574280,Medium,Residential,low
457,Hyolmo,10680,Smallest,Residential,low
458,Ibaloy,116000,Smallest,Residential,low
459,Ibaloy,116000,Smallest,Residential,low
460,Ibanag,277000,Smallest,Residential,low
461,Ibibio,9970000,Small,Residential,low
462,Icelandic,300000,Smallest,Community,low
463,Igbo,27014190,Medium,Residential,low
464,Igbo,27014190,Medium,Residential,low
465,Igbo,27014190,Medium,Residential,low
466,Igbo,27014190,Medium,Residential,low
467,Igbo,27014190,Medium,Residential,low
468,Ilocano,6482100,Smallest,Residential,low
469,Ilocano,6482100,Medium,Residential,low
470,Ilonggo,6246880,Smallest,Residential,low
471,Ilonggo,6246880,Smallest,Residential,low
472,Indian English,31136914.04,Largest,Residential,high
473,Indonesian,77136760.11,Medium,Residential,high
474,Indonesian,77136760.11,Medium,Community,high
475,Ingush,322900,Smallest,Residential,low
476,Intha Burmese,200000,Smallest,Community,low
477,Intha Burmese,200000,Smallest,Residential,low
478,Inuktun,1200,Smallest,Historical,low
479,Iranun,241000,Smallest,Residential,low
480,Iraqi Arabic,15655900,Small,Residential,low
481,Iraqi Judeo-Arabic,125120,Small,Residential,low
482,Iraqi Judeo-Arabic,125120,Small,Residential,low
483,Irish,1171000,Small,Community,low
484,Irish,1171000,Medium,Community,low
485,Irish,1171000,Small,Residential,low
486,Irish,1171000,Smallest,Community,low
487,Irish English,4904000,Large,Residential,low
488,Irish English,4904000,Largest,Residential,low
489,Irish English,4904000,Largest,Residential,low
490,Irish English,4904000,Largest,Residential,low
491,Irish English,4904000,Largest,Residential,low
492,Irpino,5700000,Small,Residential,low
493,Isan,21000000,Small,Residential,low
494,Ishkashimi,3000,Smallest,Residential,low
495,Istrioto,400,Smallest,Residential,low
496,Istro-Romanian,1400,Smallest,Residential,low
497,Istro-Romanian,1400,Small,Residential,low
498,Istro-Veneto,31136914.04,Smallest,Residential,high
499,Italian,67894920,Medium,Residential,high
500,Italian,67894920,Large,Residential,high
501,Italian,67894920,Large,Historical,high
502,Italian,67894920,Large,Residential,high
503,Italian,67894920,Large,Historical,high
504,Italian,67894920,Large,Residential,high
505,Italian English,31136914.04,Largest,Residential,high
506,Italian English,31136914.04,Largest,Residential,high
507,Italian English,31136914.04,Largest,Residential,high
508,Italian English,31136914.04,Largest,Residential,high
509,Italian English,31136914.04,Largest,Residential,high
510,Ixil,83600,Smallest,Residential,low
511,Iyengar Tamil,31136914.04,Smallest,Residential,high
512,Jamaican Patois,3200000,Largest,Residential,low
513,Jamaican Patois,3200000,Largest,Residential,low
514,Jamaican Patois,3200000,Largest,Residential,low
515,Jamaican Patois,3200000,Largest,Residential,low
516,Jamaican Patois,3200000,Medium,Residential,low
517,Japanese,77136760.11,Medium,Community,high
518,Japanese,77136760.11,Smallest,Historical,high
519,Japanese,77136760.11,Medium,Residential,high
520,Japanese,77136760.11,Large,Residential,high
521,Japanese,77136760.11,Medium,Residential,high
522,Javanese,68277600,Small,Residential,high
523,Jersey Dutch,31136914.04,Medium,Historical,high
524,Jewish Babylonian Aramaic,31136914.04,Large,Liturgical,high
525,Jewish Babylonian Aramaic,31136914.04,Large,Liturgical,high
526,Jewish English,31136914.04,Largest,Residential,high
527,Jewish English,31136914.04,Largest,Residential,high
528,Jewish English,31136914.04,Largest,Residential,high
529,Jewish English,31136914.04,Medium,Residential,high
530,Jewish English,31136914.04,Largest,Residential,high
531,Jewish Neo-Aramaic (Bijar),10000,Smallest,Residential,low
532,Jewish Neo-Aramaic (Sanandaj),31136914.04,Smallest,Community,high
533,Jewish Neo-Aramaic (Urmia),4500,Small,Residential,low
534,Jewish Russian,31136914.04,Largest,Residential,high
535,Jola,45100,Smallest,Residential,low
536,Juba Arabic,820000,Smallest,Residential,low
537,Judeo-Crimean Tatar,202,Smallest,Historical,low
538,Judeo-Georgian,31136914.04,Smallest,Residential,high
539,Judeo-Greek,31136914.04,Smallest,Historical,high
540,Judeo-Hamadani,31136914.04,Smallest,Residential,high
541,Judeo-Isfahani,31136914.04,Smallest,Residential,high
542,Judeo-Isfahani,31136914.04,Smallest,Residential,high
543,Judeo-Kashani,31136914.04,Smallest,Residential,high
544,Judeo-Shirazi,31136914.04,Medium,Residential,high
545,Judeo-Shirazi,31136914.04,Medium,Residential,high
546,Judeo-Spanish,133016,Medium,Historical,low
547,Judeo-Spanish,133016,Medium,Historical,low
548,Judeo-Spanish,133016,Smallest,Residential,low
549,Judeo-Spanish,133016,Smallest,Residential,low
550,Juhuri,80500,Medium,Residential,low
551,K'iche',1270000,Smallest,Residential,low
552,K'iche',1270000,Smallest,Residential,low
553,K'iche',1270000,Small,Residential,low
554,Kabardian,1702500,Small,Residential,low
555,Kabiye,984300,Smallest,Residential,low
556,Kabli,31136914.04,Small,Community,high
557,Kabyle,5599200,Smallest,Residential,low
558,Kachin,940000,Smallest,Community,low
559,Kadazan Dusun,31136914.04,Smallest,Historical,high
560,Kaike,50,Smallest,Residential,low
561,Kalabari,258000,Smallest,Residential,low
562,Kalasha,5000,Smallest,Residential,low
563,Kalderash Romani,200000,Medium,Residential,low
564,Kalmyk,431800,Small,Residential,low
565,Kalmyk,431800,Small,Residential,low
566,Kandhari,31136914.04,Small,Community,high
567,Kannada,56463310,Medium,Residential,high
568,Kannada,56463310,Medium,Residential,high
569,Kaqchikel,833000,Smallest,Residential,low
570,Kaqchikel,833000,Small,Residential,low
571,Kaqchikel,833000,Smallest,Residential,low
572,Kaqchikel,833000,Smallest,Residential,low
573,Karachay-Balkar,310400,Smallest,Residential,low
574,Karachay-Balkar,310400,Small,Residential,low
575,Karakalpak,635670,Smallest,Residential,low
576,Karen,7000000,Small,Residential,low
577,Karen,7000000,Smallest,Community,low
578,Karen,7000000,Smallest,Community,low
579,Kariu,18200,Smallest,Residential,low
580,Kashmiri,6914780,Smallest,Residential,low
581,Kassonke,711310,Smallest,Residential,low
582,Kazakh,9980000,Small,Residential,low
583,Kazakh,9980000,Smallest,Residential,low
584,Khaling,15000,Smallest,Residential,low
585,Khalkha Mongolian,2672080,Small,Residential,low
586,Kham Magar,27000,Smallest,Residential,low
587,Kham Tibetan,1380000,Small,Residential,low
588,Kham Tibetan,1380000,Small,Residential,low
589,Khmer,17591230,Small,Residential,low
590,Khmer,17591230,Medium,Residential,low
591,Khowar,332200,Smallest,Residential,low
592,Kikongo,6500000,Medium,Historical,low
593,Kikongo,6500000,Smallest,Residential,low
594,Kimbundu,2100000,Small,Historical,low
595,Kinaray-a,433000,Smallest,Residential,low
596,Kinyarwanda,12120250,Small,Community,low
597,Kinyarwanda,12120250,Small,Residential,low
598,Kirundi,10000000,Smallest,Community,low
599,Kissi,31136914.04,Smallest,Residential,high
600,Kituba,5400000,Smallest,Residential,low
601,Kodava,114000,Small,Residential,low
602,Koine Greek,31136914.04,Medium,Liturgical,high
603,Koine Greek,31136914.04,Medium,Liturgical,high
604,Konkani,5889650,Medium,Residential,low
605,Konyak,244477,Smallest,Residential,low
606,Konyanka,210000,Small,Residential,low
607,Korean,77136760.11,Large,Community,high
608,Korean,77136760.11,Largest,Residential,high
609,Korean,77136760.11,Medium,Residential,high
610,Korean,77136760.11,Medium,Residential,high
611,Korean,77136760.11,Largest,Residential,high
612,Koryo-Mar,31136914.04,Small,Community,high
613,Koryo-Mar,31136914.04,Small,Residential,high
614,Kota,39000,Smallest,Residential,low
615,Koulounkalan,31136914.04,Smallest,Residential,high
616,Kpelle,1220000,Small,Residential,low
617,Krahn,214000,Small,Residential,low
618,Kru,271000,Small,Residential,low
619,Kulung,33000,Smallest,Residential,low
620,Kumeyaay,440,Smallest,Residential,low
621,Kuna,61000,Smallest,Residential,low
622,Kuranko,461000,Smallest,Residential,low
623,Kurdish,22132670,Small,Community,low
624,Kurdish,22132670,Smallest,Residential,low
625,Kurtöp,15000,Smallest,Residential,low
626,Kutchi,100000,Small,Community,low
627,Kyirong,600,Smallest,Residential,low
628,Kyrgyz,4170000,Small,Residential,low
629,Ladakhi,27000,Small,Residential,low
630,Lahu,600000,Smallest,Residential,low
631,Lahu,600000,Smallest,Community,low
632,Lakota,2100,Smallest,Reviving,low
633,Lamnso,125000,Smallest,Residential,low
634,Lao,4230000,Small,Residential,low
635,Lao,4230000,Small,Residential,low
636,Larteh,74000,Smallest,Residential,low
637,Latvian,1765910,Smallest,Residential,low
638,Latvian,1765910,Small,Residential,low
639,Lazuri,22000,Smallest,Residential,low
640,Lemko,31136914.04,Medium,Residential,high
641,Lemko,31136914.04,Smallest,Residential,high
642,Lemko,31136914.04,Medium,Residential,high
643,Lenape (Munsee),31136914.04,Medium,Reviving,high
644,Lenape (Munsee),31136914.04,Medium,Reviving,high
645,Lenape (Munsee),31136914.04,Medium,Reviving,high
646,Lenape (Munsee),31136914.04,Medium,Reviving,high
647,Lenape (Munsee),31136914.04,Medium,Reviving,high
648,Lenape (Munsee),31136914.04,Medium,Reviving,high
649,Lenape (Munsee),31136914.04,Medium,Reviving,high
650,Lenape (Munsee),31136914.04,Medium,Reviving,high
651,Lenape (Unami),31136914.04,Large,Reviving,high
652,Lezgi,633610,Smallest,Residential,low
653,Liberian English,31136914.04,Medium,Residential,high
654,Libyan Arabic,4911800,Small,Residential,low
655,Libyan Judeo-Arabic,35000,Smallest,Residential,low
656,Ligurian,508210,Small,Historical,low
657,Limba,442000,Smallest,Residential,low
658,Limbu,407000,Small,Residential,low
659,Limi,29000,Smallest,Residential,low
660,Lingala,2260520,Smallest,Residential,low
661,Lithuanian,3000600,Small,Community,low
662,Lithuanian,3000600,Small,Residential,low
663,Lithuanian,3000600,Small,Residential,low
664,Litvish Yiddish,31136914.04,Medium,Residential,high
665,Litvish Yiddish,31136914.04,Medium,Residential,high
666,Loke,7500,Smallest,Residential,low
667,Loke,7500,Small,Residential,low
668,Loke,7500,Small,Residential,low
669,Loma,266000,Smallest,Residential,low
670,Lombard,3903000,Small,Historical,low
671,Lotha,180000,Smallest,Residential,low
672,Lovari Romani,31136914.04,Small,Residential,high
673,Low German,447360,Medium,Residential,low
674,Luba-Kasai,7060000,Small,Residential,low
675,Luba-Katanga,1510000,Small,Residential,low
676,Lucano,31136914.04,Small,Historical,high
677,Lucano,31136914.04,Small,Historical,high
678,Luganda,6564750,Small,Residential,low
679,Lukumí,31136914.04,Medium,Liturgical,high
680,Lukumí,31136914.04,Medium,Liturgical,high
681,Lummi,31136914.04,Smallest,Reviving,high
682,Luo,4200000,Smallest,Residential,low
683,Luri,1760000,Smallest,Residential,low
684,Luxembourgish,471400,Smallest,Community,low
685,Macedonian,1620290,Small,Residential,low
686,Macedonian,1620290,Small,Residential,low
687,Macedonian,1620290,Small,Residential,low
688,Macedonian,1620290,Smallest,Community,low
689,Machvaya Romani,31136914.04,Small,Historical,high
690,Madurese,7790900,Smallest,Community,low
691,Madurese,7790900,Smallest,Residential,low
692,Magar,308000,Small,Residential,low
693,Maguindanao,1100000,Smallest,Residential,low
694,Mahouka,300000,Smallest,Residential,low
695,Maithili,34085000,Small,Residential,high
696,Maithili,34085000,Medium,Residential,high
697,Makassarese,2530000,Smallest,Community,low
698,Makassarese,2530000,Smallest,Residential,low
699,Malagasy,18138380,Smallest,Historical,low
700,Malagasy,18138380,Smallest,Residential,low
701,Malagasy,18138380,Small,Community,low
702,Malay,77136760.11,Small,Residential,high
703,Malay,77136760.11,Small,Residential,high
704,Malayalam,35495000,Medium,Residential,high
705,Malayalam,35495000,Medium,Community,high
706,Malayalam,35495000,Medium,Residential,high
707,Malayalam,35495000,Medium,Residential,high
708,Maltese,481760,Medium,Residential,low
709,Mam,488500,Small,Residential,low
710,Mam,488500,Small,Residential,low
711,Mam,488500,Small,Residential,low
712,Mam,488500,Small,Residential,low
713,Mam,488500,Small,Residential,low
714,Mamuju,60000,Smallest,Residential,low
715,Manado Malay,2350000,Small,Residential,low
716,Manang,390,Small,Residential,low
717,Mandarin Chinese,77136760.11,Large,Residential,high
718,Mandarin Chinese,77136760.11,Large,Residential,high
719,Mandarin Chinese,77136760.11,Small,Residential,high
720,Mandarin Chinese,77136760.11,Largest,Residential,high
721,Mandarin Chinese,77136760.11,Largest,Residential,high
722,Mandarin Chinese,77136760.11,Largest,Residential,high
723,Mandarin Chinese,77136760.11,Largest,Residential,high
724,Mandingo,154000,Small,Residential,low
725,Mandinka,1325000,Medium,Residential,low
726,Mandinka,1325000,Small,Residential,low
727,Mandinka,1325000,Medium,Residential,low
728,Mandjak,356800,Smallest,Residential,low
729,Manggarai,900000,Smallest,Residential,low
730,Maninka,1733000,Medium,Residential,low
731,Maninka,1733000,Medium,Residential,low
732,Maninka,1733000,Small,Residential,low
733,Maninka,1733000,Medium,Residential,low
734,Mano,390000,Smallest,Residential,low
735,Mapuche,258410,Smallest,Community,low
736,Maranao,866000,Smallest,Community,low
737,Maranao,866000,Smallest,Residential,low
738,Marathi,77136760.11,Medium,Residential,high
739,Marathi,77136760.11,Small,Community,high
740,Marathi,77136760.11,Smallest,Community,high
741,Marchigiano,900000,Small,Residential,low
742,Marka,185800,Smallest,Residential,low
743,Marma,186700,Smallest,Residential,low
744,Marshallese,61000,Smallest,Community,low
745,Martinican Creole,600000,Smallest,Residential,low
746,Marwari,20591400,Medium,Residential,low
747,Masalit,440000,Smallest,Residential,low
748,Matinecock,31136914.04,Medium,Reviving,high
749,Mauritian Creole,1090000,Smallest,Residential,low
750,Mazahua,100000,Smallest,Residential,low
751,Mazahua,100000,Smallest,Residential,low
752,Mazanderani,2340000,Smallest,Residential,low
753,Mazatec,220000,Smallest,Residential,low
754,Medumba,210000,Small,Residential,low
755,Meitei,1775000,Small,Residential,low
756,Memoni,1800000,Small,Residential,low
757,Mende,1976000,Smallest,Residential,low
758,Mende,1976000,Smallest,Residential,low
759,Mende,1976000,Small,Residential,low
760,Mexican Spanish,77136760.11,Largest,Residential,high
761,Mexican Spanish,77136760.11,Largest,Residential,high
762,Mexican Spanish,77136760.11,Largest,Residential,high
763,Mexican Spanish,77136760.11,Largest,Residential,high
764,Mexican Spanish,77136760.11,Large,Residential,high
765,Mexican Spanish,77136760.11,Largest,Residential,high
766,Mien,813600,Smallest,Residential,low
767,Minangkabau,6463000,Small,Residential,low
768,Mingrelian,345530,Smallest,Residential,low
769,Mixe,11600,Smallest,Residential,low
770,Mixtec,500934,Medium,Residential,low
771,Mixtec,500934,Small,Residential,low
772,Mixtec,500934,Small,Residential,low
773,Mixtec,500934,Small,Residential,low
774,Mixtec,500934,Medium,Residential,low
775,Mixtec,500934,Small,Residential,low
776,Mohawk,3040,Small,Residential,low
777,Mohican,31136914.04,Medium,Reviving,high
778,Mohican,31136914.04,Medium,Reviving,high
779,Mojave,200,Smallest,Residential,low
780,Moldovan,24345750,Smallest,Residential,low
781,Moldovan,24345750,Small,Residential,low
782,Molisan,31136914.04,Small,Residential,high
783,Molisan,31136914.04,Small,Residential,high
784,Mon,851000,Smallest,Community,low
785,Mongo,400000,Smallest,Residential,low
786,Monguor,152000,Smallest,Residential,low
787,Montaukett,31136914.04,Medium,Historical,high
788,Montenegrin,2010000,Small,Residential,low
789,Montenegrin,2010000,Small,Residential,low
790,Montserrat Creole,7600,Smallest,Community,low
791,Moroccan Arabic,30500000,Medium,Residential,low
792,Moroccan Arabic,30500000,Medium,Residential,low
793,Moroccan Arabic,30500000,Small,Residential,low
794,Moroccan Judeo-Arabic,31136914.04,Small,Residential,high
795,Moroccan Judeo-Arabic,31136914.04,Small,Residential,high
796,Moroccan Judeo-Arabic,31136914.04,Smallest,Residential,high
797,Mossi,7829300,Smallest,Residential,low
798,Mossi,7829300,Small,Residential,low
799,Mossi,7829300,Small,Residential,low
800,Mossi,7829300,Small,Residential,low
801,Motu,39000,Smallest,Residential,low
802,Mugu,7000,Smallest,Residential,low
803,Munda,486000,Smallest,Residential,low
804,Myene,45000,Smallest,Residential,low
805,Māori,159700,Smallest,Community,low
806,Nachhiring,10000,Smallest,Residential,low
807,Nagamese,31136914.04,Small,Residential,high
808,Nahuatl,1740000,Medium,Residential,low
809,Nahuatl,1740000,Medium,Residential,low
810,Nahuatl,1740000,Small,Residential,low
811,Nahuatl,1740000,Medium,Residential,low
812,Nahuatl,1740000,Medium,Residential,low
813,Nahuatl,1740000,Small,Residential,low
814,Nar-Phu,600,Smallest,Residential,low
815,Naso,3300,Smallest,Residential,low
816,Native American English,31136914.04,Largest,Community,high
817,Nauruan,10300,Smallest,Community,low
818,Navajo,167000,Smallest,Community,low
819,Ndebele,1634800,Smallest,Community,low
820,Ndebele,1634800,Smallest,Residential,low
821,Neapolitan,5700000,Medium,Historical,low
822,Neapolitan,5700000,Medium,Residential,low
823,Neapolitan,5700000,Large,Historical,low
824,Neapolitan,5700000,Small,Residential,low
825,Neo-Mandaic,100,Smallest,Residential,low
826,Nepali,20980000,Medium,Residential,low
827,Nepali,20980000,Small,Residential,low
828,Nepali,20980000,Small,Residential,low
829,Nepali,20980000,Medium,Residential,low
830,New Zealand English,4886000,Medium,Residential,low
831,Newari,879600,Medium,Residential,low
832,Newfoundland English,521542,Medium,Historical,low
833,Nigerian English,31136914.04,Large,Residential,high
834,Ningbo,31136914.04,Small,Residential,high
835,Noakhailla,31136914.04,Medium,Residential,high
836,Nones,31000,Small,Residential,low
837,Nones,31000,Small,Historical,low
838,North Frisian,10000,Smallest,Community,low
839,North Levantine Arabic,24200000,Medium,Historical,low
840,North Levantine Arabic,24200000,Large,Residential,low
841,North Levantine Arabic,24200000,Medium,Residential,low
842,North Levantine Arabic,24200000,Medium,Residential,low
843,North Levantine Arabic,24200000,Small,Residential,low
844,Northeastern Mandarin Chinese,31136914.04,Medium,Residential,high
845,Northern Fujianese,2191000,Medium,Residential,low
846,Northern Fujianese,2191000,Medium,Residential,low
847,Northern Sotho,13524520,Smallest,Residential,low
848,Northern Thai,6029500,Small,Residential,low
849,Norwegian,5000000,Small,Residential,low
850,Norwegian,5000000,Smallest,Historical,low
851,Norwegian,5000000,Medium,Residential,low
852,Nubian,31136914.04,Smallest,Residential,high
853,Nubri,2000,Small,Residential,low
854,Nuer,896280,Smallest,Community,low
855,Occitan,31136914.04,Small,Historical,high
856,Odia,37091520,Small,Residential,high
857,Ojibwe,25900,Smallest,Residential,low
858,Ojibwe,25900,Smallest,Residential,low
859,Okinawan,984000,Smallest,Residential,low
860,Oromo,17465900,Small,Residential,low
861,Oshiwambo,1481000,Smallest,Community,low
862,Ossetian,599250,Smallest,Residential,low
863,Otomi,88500,Small,Residential,low
864,Otomi,88500,Small,Residential,low
865,P'urhépecha,55000,Smallest,Residential,low
866,Pa'O,560000,Smallest,Community,low
867,Pakistani English,31136914.04,Large,Residential,high
868,Pakistani English,31136914.04,Large,Residential,high
869,Palatine German,400000,Medium,Historical,low
870,Palauan,18140,Smallest,Community,low
871,Palembang,3105000,Smallest,Residential,low
872,Pali,31136914.04,Small,Liturgical,high
873,Pali,31136914.04,Small,Liturgical,high
874,Pampangan,2049670,Small,Residential,low
875,Pana,8000,Smallest,Residential,low
876,Panamanian English,31136914.04,Medium,Residential,high
877,Panamanian Spanish,2500000,Medium,Residential,low
878,Pangasinan,1243660,Smallest,Residential,low
879,Pangasinan,1243660,Smallest,Residential,low
880,Papantla Totonac,80000,Smallest,Residential,low
881,Papiamento,341300,Smallest,Residential,low
882,Paraguayan Spanish,6000000,Small,Residential,low
883,Paraguayan Spanish,6000000,Small,Residential,low
884,Pashto,38249700,Medium,Residential,high
885,Pashto,38249700,Small,Residential,high
886,Pashto,38249700,Small,Residential,high
887,Persian,61782560,Medium,Residential,high
888,Persian,61782560,Medium,Residential,high
889,Persian,61782560,Small,Residential,high
890,Persian,61782560,Medium,Residential,high
891,Peruvian Quechua,7735620,Small,Residential,low
892,Peruvian Quechua,7735620,Smallest,Residential,low
893,Peruvian Spanish,31990000,Medium,Residential,high
894,Peruvian Spanish,31990000,Medium,Residential,high
895,Philippine English,31136914.04,Medium,Residential,high
896,Philippine English,31136914.04,Largest,Residential,high
897,Piedmontese,700000,Smallest,Historical,low
898,Pijin,331400,Smallest,Community,low
899,Pochury,21654,Smallest,Residential,low
900,Polish,40378030,Large,Residential,high
901,Polish,40378030,Medium,Residential,high
902,Polish,40378030,Large,Residential,high
903,Polish,40378030,Large,Residential,high
904,Polish,40378030,Small,Residential,high
905,Polish,40378030,Medium,Residential,high
906,Pontic Greek,778000,Medium,Residential,low
907,Pontic Greek,778000,Medium,Residential,low
908,Poqomchi',92200,Smallest,Residential,low
909,Portuguese,77136760.11,Medium,Residential,high
910,Portuguese,77136760.11,Smallest,Historical,high
911,Portuguese,77136760.11,Medium,Residential,high
912,Portuguese,77136760.11,Medium,Residential,high
913,Pothwari,31136914.04,Smallest,Residential,high
914,Puerto Rican Sign Language,31136914.04,Smallest,Community,high
915,Puerto Rican Spanish,3194000,Largest,Residential,low
916,Puerto Rican Spanish,3194000,Large,Residential,low
917,Puerto Rican Spanish,3194000,Largest,Residential,low
918,Puerto Rican Spanish,3194000,Largest,Residential,low
919,Puerto Rican Spanish,3194000,Largest,Residential,low
920,Puerto Rican Spanish,3194000,Large,Residential,low
921,Puerto Rican Spanish,3194000,Large,Residential,low
922,Pugliese (Barese),31136914.04,Smallest,Historical,high
923,Pugliese (Bitettese),31136914.04,Smallest,Community,high
924,Pugliese (Casamassimese),31136914.04,Smallest,Residential,high
925,Pugliese (Conversanese),31136914.04,Small,Residential,high
926,Pugliese (Garganico),31136914.04,Medium,Residential,high
927,Pugliese (Grumese),31136914.04,Smallest,Residential,high
928,Pugliese (Molese),31136914.04,Small,Residential,high
929,Pugliese (Molese),31136914.04,Small,Residential,high
930,Pugliese (Molfettese),31136914.04,Medium,Residential,high
931,Pugliese (Palese),31136914.04,Smallest,Residential,high
932,Punjabi,77136760.11,Medium,Residential,high
933,Punjabi,77136760.11,Medium,Residential,high
934,Punjabi,77136760.11,Medium,Residential,high
935,Punjabi,77136760.11,Large,Residential,high
936,Punjabi,77136760.11,Smallest,Community,high
937,Purgi,93500,Smallest,Residential,low
938,Q'anjob'al,148340,Smallest,Residential,low
939,Q'eqchi',733600,Small,Residential,low
940,Quebec French,8485000,Medium,Historical,low
941,Quiripi,31136914.04,Large,Reviving,high
942,Rakhine,2020000,Smallest,Community,low
943,Rakhine,2020000,Smallest,Residential,low
944,Ramaluk,31136914.04,Large,Residential,high
945,Rangpuri,10801000,Small,Residential,low
946,Rashti,31136914.04,Smallest,Residential,high
947,Romagnol,31136914.04,Smallest,Community,high
948,Romani,1547690,Medium,Historical,low
949,Romani,1547690,Small,Residential,low
950,Romanian,24345750,Medium,Residential,low
951,Romanian,24345750,Medium,Residential,low
952,Romanian,24345750,Medium,Residential,low
953,Romansh,40000,Smallest,Residential,low
954,Rushani,18000,Smallest,Residential,low
955,Rushani,18000,Smallest,Residential,low
956,Russian,77136760.11,Largest,Residential,high
957,Russian,77136760.11,Large,Residential,high
958,Russian,77136760.11,Large,Residential,high
959,Russian,77136760.11,Small,Residential,high
960,Russian,77136760.11,Large,Residential,high
961,Russian,77136760.11,Medium,Residential,high
962,Rusyn,82960,Small,Community,low
963,Rusyn,82960,Small,Residential,low
964,Rusyn,82960,Smallest,Residential,low
965,Rusyn,82960,Small,Residential,low
966,Sami,25700,Smallest,Historical,low
967,Samoan,415720,Smallest,Community,low
968,Sampang,18300,Smallest,Residential,low
969,Sandwippa,31136914.04,Medium,Residential,high
970,Sango,5199000,Smallest,Community,low
971,Sangsari,36000,Smallest,Residential,low
972,Sangtam,76000,Smallest,Residential,low
973,Sanskrit,5007800,Medium,Liturgical,low
974,Sanskrit,5007800,Medium,Liturgical,low
975,Santali,7620280,Smallest,Residential,low
976,Saraiki,20009000,Small,Residential,low
977,Saramaccan Creole,90000,Smallest,Residential,low
978,Sasak,2100000,Smallest,Residential,low
979,Sasak,2100000,Smallest,Community,low
980,Scots,1599200,Small,Historical,low
981,Scots,1599200,Small,Residential,low
982,Scottish Gaelic,60130,Smallest,Residential,low
983,Seke,700,Smallest,Residential,low
984,Seke,700,Small,Residential,low
985,Sema,350000,Smallest,Residential,low
986,Senoufo,3000000,Small,Residential,low
987,Senoufo,3000000,Small,Residential,low
988,Serbian,8779176,Medium,Residential,low
989,Serbian,8779176,Medium,Community,low
990,Serbian,8779176,Medium,Residential,low
991,Serer,1410700,Medium,Residential,low
992,Serer,1410700,Medium,Residential,low
993,Seychellois Creole,80200,Smallest,Community,low
994,Shan,3295000,Smallest,Community,low
995,Shan,3295000,Smallest,Community,low
996,Shan,3295000,Smallest,Residential,low
997,Shanghainese,14000000,Medium,Residential,low
998,Shanghainese,14000000,Medium,Residential,low
999,Shapsug,810000,Smallest,Residential,low
1000,Sharchop,98800,Small,Residential,low
1001,Sherpa,169980,Smallest,Community,low
1002,Sherpa,169980,Medium,Residential,low
1003,Sherpa,169980,Smallest,Residential,low
1004,Shina,644200,Smallest,Residential,low
1005,Shina,644200,Smallest,Residential,low
1006,Shinnecock,31136914.04,Medium,Reviving,high
1007,Shona,9037290,Smallest,Residential,low
1008,Shuar,42300,Smallest,Residential,low
1009,Shughni,95000,Small,Residential,low
1010,Shughni,95000,Smallest,Residential,low
1011,Shupamem,420000,Small,Residential,low
1012,Sichuanese,77136760.11,Medium,Residential,high
1013,Sicilian,4700000,Small,Residential,low
1014,Sicilian,4700000,Medium,Residential,low
1015,Sicilian,4700000,Large,Historical,low
1016,Sicilian,4700000,Medium,Residential,low
1017,Sicilian,4700000,Small,Residential,low
1018,Sicilian,4700000,Small,Residential,low
1019,Sierra Leone Creole,5758640,Small,Residential,low
1020,Sierra Leone Creole,5758640,Small,Residential,low
1021,Sierra Totonac,280000,Smallest,Residential,low
1022,Silesian,522000,Smallest,Residential,low
1023,Sindhi,24625591,Small,Residential,low
1024,Sindhi,24625591,Smallest,Community,low
1025,Sindhi,24625591,Small,Residential,low
1026,Singlish,31136914.04,Smallest,Community,high
1027,Sinhalese,17287880,Medium,Residential,low
1028,Sinhalese,17287880,Small,Community,low
1029,Sinhalese,17287880,Small,Residential,low
1030,Siwi,20000,Smallest,Residential,low
1031,Slovak,7227240,Small,Residential,low
1032,Slovak,7227240,Small,Residential,low
1033,Slovak,7227240,Small,Residential,low
1034,Slovak,7227240,Small,Residential,low
1035,Slovenian,2226650,Small,Residential,low
1036,Slovenian,2226650,Smallest,Residential,low
1037,Slovenian,2226650,Small,Residential,low
1038,Somali,16321530,Small,Residential,low
1039,Songhay,31136914.04,Small,Residential,high
1040,Songhay,31136914.04,Smallest,Residential,high
1041,Soninke,2138110,Large,Residential,low
1042,Soninke,2138110,Small,Residential,low
1043,Sorani Kurdish,8000000,Smallest,Residential,low
1044,South African English,31136914.04,Medium,Community,high
1045,South Levantine Arabic,6700000,Large,Residential,low
1046,South Levantine Arabic,6700000,Large,Residential,low
1047,Southern Lazio,31136914.04,Small,Residential,high
1048,Spanglish,58200000,Largest,Residential,high
1049,Spanglish,58200000,Largest,Residential,high
1050,Sranan Tongo,715700,Smallest,Residential,low
1051,Sri Lankan English,31136914.04,Medium,Residential,high
1052,Sri Lankan Malay,46000,Smallest,Residential,low
1053,Sri Lankan Tamil,3000000,Small,Residential,low
1054,Sri Lankan Tamil,3000000,Small,Residential,low
1055,St. Kitts Creole,39000,Small,Residential,low
1056,St. Lucian Creole (English),357153,Medium,Residential,low
1057,St. Lucian Creole (French),357153,Medium,Residential,low
1058,Sudanese Arabic,31940300,Small,Community,high
1059,Sundanese,32400000,Small,Community,high
1060,Sundanese,32400000,Medium,Residential,high
1061,Sunwar,39760,Small,Residential,low
1062,Susu,1610110,Small,Residential,low
1063,Susu,1610110,Small,Residential,low
1064,Svan,14071,Smallest,Residential,low
1065,Swabian,820000,Large,Historical,low
1066,Swahili,18027740,Small,Residential,low
1067,Swahili,18027740,Smallest,Residential,low
1068,Swahili,18027740,Small,Residential,low
1069,Swati,4843200,Smallest,Community,low
1070,Swedish,12804900,Medium,Residential,low
1071,Swedish,12804900,Medium,Community,low
1072,Swedish,12804900,Smallest,Historical,low
1073,Swiss German,5724200,Medium,Community,low
1074,Sylheti,11800000,Medium,Residential,low
1075,Sylheti,11800000,Medium,Residential,low
1076,Sylheti,11800000,Small,Residential,low
1077,Sylheti,11800000,Large,Residential,low
1078,Sylheti,11800000,Medium,Residential,low
1079,Syriac,31136914.04,Small,Liturgical,high
1080,Syriac,31136914.04,Small,Liturgical,high
1081,Syrian Judeo-Arabic,31136914.04,Medium,Residential,high
1082,Syrian Judeo-Arabic,31136914.04,Medium,Residential,high
1083,Syrian Judeo-Arabic,31136914.04,Medium,Historical,high
1084,Syro-Malankara Syriac,31136914.04,Small,Liturgical,high
1085,Tagalog,23808890,Medium,Residential,low
1086,Tagalog,23808890,Medium,Residential,low
1087,Tagalog,23808890,Medium,Residential,low
1088,Tagalog,23808890,Large,Residential,low
1089,Tagalog,23808890,Largest,Residential,low
1090,Tagalog,23808890,Medium,Historical,low
1091,Taishanese,2300000,Large,Residential,low
1092,Taishanese,2300000,Medium,Residential,low
1093,Taishanese,2300000,Medium,Residential,low
1094,Taiwanese,16000000,Medium,Residential,low
1095,Taiwanese,16000000,Large,Residential,low
1096,Tajik,7987320,Medium,Residential,low
1097,Tajik,7987320,Medium,Residential,low
1098,Tamang,1370000,Smallest,Residential,low
1099,Tamang,1370000,Medium,Residential,low
1100,Tamil,77136760.11,Medium,Residential,high
1101,Tamil,77136760.11,Small,Community,high
1102,Tamil,77136760.11,Medium,Residential,high
1103,Tamil,77136760.11,Medium,Residential,high
1104,Tanchangya,22000,Smallest,Residential,low
1105,Tangkhul,67000,Smallest,Residential,low
1106,Tarifit,4366000,Smallest,Residential,low
1107,Tashelhyt,7066000,Small,Residential,low
1108,Tatar,5009510,Small,Historical,low
1109,Tatar,5009510,Small,Residential,low
1110,Tausug,946000,Smallest,Residential,low
1111,Tawala,20000,Smallest,Residential,low
1112,Taíno,31136914.04,Small,Reviving,high
1113,Tedim Chin,411000,Smallest,Community,low
1114,Telugu,77136760.11,Small,Residential,high
1115,Telugu,77136760.11,Large,Residential,high
1116,Telugu,77136760.11,Medium,Residential,high
1117,Tem,381300,Small,Residential,low
1118,Temne,1870000,Small,Residential,low
1119,Temne,1870000,Smallest,Residential,low
1120,Temne,1870000,Smallest,Residential,low
1121,Teochew,50462190,Small,Residential,high
1122,Teochew,50462190,Small,Residential,high
1123,Tepehua,8900,Smallest,Residential,low
1124,Tetum,463500,Smallest,Community,low
1125,Thai,60657660,Small,Community,high
1126,Thai,60657660,Small,Community,high
1127,Thai,60657660,Medium,Residential,high
1128,Thai,60657660,Small,Community,high
1129,Thakali,6000,Smallest,Residential,low
1130,Thakali,6000,Smallest,Residential,low
1131,Tharu,2000000,Small,Residential,low
1132,Tibetan,1186710,Medium,Residential,low
1133,Tibetan,1186710,Small,Residential,low
1134,Tibetan,1186710,Medium,Residential,low
1135,Tibetan,1186710,Small,Liturgical,low
1136,Tibetan,1186710,Smallest,Residential,low
1137,Tibetan,1186710,Small,Community,low
1138,Tigre,1290000,Small,Residential,low
1139,Tigrinya,7659780,Small,Residential,low
1140,Tigrinya,7659780,Small,Residential,low
1141,Tiv,4000000,Smallest,Residential,low
1142,Tlapanec,37500,Smallest,Residential,low
1143,Tlapanec,37500,Small,Residential,low
1144,Tobagonian Creole,300000,Small,Residential,low
1145,Tok Pisin,4125740,Smallest,Community,low
1146,Tokpe Gola,3500,Smallest,Residential,low
1147,Tonga,1500000,Smallest,Residential,low
1148,Tongan,187710,Smallest,Community,low
1149,Tontemboan,150000,Smallest,Residential,low
1150,Tosk Albanian,1870730,Medium,Residential,low
1151,Tosk Albanian,1870730,Medium,Residential,low
1152,Tosk Albanian,1870730,Medium,Residential,low
1153,Tosk Albanian,1870730,Small,Residential,low
1154,Tosk Albanian,1870730,Medium,Residential,low
1155,Trinidadian Creole,1390000,Large,Residential,low
1156,Trinidadian Creole,1390000,Small,Residential,low
1157,Trinidadian Creole,1390000,Largest,Residential,low
1158,Trinidadian Creole,1390000,Largest,Residential,low
1159,Tripuri,958000,Smallest,Residential,low
1160,Triqui,25000,Small,Residential,low
1161,Tsum,4790,Smallest,Residential,low
1162,Tswana,13664710,Smallest,Community,low
1163,Tuareg,31136914.04,Small,Residential,high
1164,Tulu,1850000,Smallest,Residential,low
1165,Tumbuka,1546000,Smallest,Residential,low
1166,Tunisian Arabic,11200000,Small,Residential,low
1167,Tunisian Judeo-Arabic,46000,Smallest,Residential,low
1168,Turkish,77136760.11,Medium,Residential,high
1169,Turkish,77136760.11,Medium,Residential,high
1170,Turkish,77136760.11,Medium,Residential,high
1171,Turkish,77136760.11,Small,Historical,high
1172,Turkmen,6765590,Smallest,Residential,low
1173,Turoyo Neo-Aramaic,103300,Small,Residential,low
1174,Tuscan,31136914.04,Small,Historical,high
1175,Tuvan,297000,Smallest,Residential,low
1176,Twi,9000000,Small,Residential,low
1177,Twi,9000000,Large,Residential,low
1178,Twi,9000000,Small,Residential,low
1179,Twi,9000000,Medium,Residential,low
1180,Tz'utujil,63200,Smallest,Residential,low
1181,Tz'utujil,63200,Smallest,Residential,low
1182,Tzotzil,235000,Smallest,Residential,low
1183,Tö Tibetan,31136914.04,Medium,Residential,high
1184,Ukrainian,33082790,Medium,Community,high
1185,Ukrainian,33082790,Smallest,Residential,high
1186,Ukrainian,33082790,Small,Residential,high
1187,Ukrainian,33082790,Medium,Community,high
1188,Ukrainian,33082790,Medium,Residential,high
1189,Ukrainian,33082790,Small,Residential,high
1190,Ulster Scots,31136914.04,Medium,Historical,high
1191,Umbundu,6000000,Smallest,Community,low
1192,Unkechaug,31136914.04,Medium,Reviving,high
1193,Urdu,77136760.11,Medium,Residential,high
1194,Urdu,77136760.11,Large,Residential,high
1195,Urdu,77136760.11,Medium,Residential,high
1196,Urdu,77136760.11,Large,Residential,high
1197,Urdu,77136760.11,Large,Residential,high
1198,Urdu,77136760.11,Large,Residential,high
1199,Urhobo,546000,Small,Residential,low
1200,Uruguayan Spanish,31136914.04,Small,Residential,high
1201,Uyghur,10100000,Smallest,Residential,low
1202,Uyghur,10100000,Small,Residential,low
1203,Uzbek,25164820,Medium,Residential,low
1204,Uzbek,25164820,Small,Residential,low
1205,Uzbek,25164820,Large,Residential,low
1206,Vai,186800,Small,Residential,low
1207,Venetian,7852500,Smallest,Historical,low
1208,Venezuelan Spanish,30000000,Medium,Residential,low
1209,Vietnamese,76950770,Medium,Residential,high
1210,Vietnamese,76950770,Medium,Residential,high
1211,Vietnamese,76950770,Medium,Residential,high
1212,Vietnamese,76950770,Medium,Residential,high
1213,Vincentian Creole,117000,Medium,Residential,low
1214,Virgin Islands Creole,76000,Small,Residential,low
1215,Volga Tatar,5009510,Smallest,Residential,low
1216,Wa,900000,Smallest,Residential,low
1217,Wa,900000,Smallest,Community,low
1218,Wa,900000,Smallest,Community,low
1219,Wakhi,58000,Smallest,Residential,low
1220,Wali,140000,Smallest,Residential,low
1221,Walloon,600000,Smallest,Historical,low
1222,Walung,3500,Smallest,Residential,low
1223,Waray-Waray,2611110,Smallest,Residential,low
1224,Welsh,573050,Smallest,Residential,low
1225,Wenzhounese,8000000,Medium,Residential,low
1226,Wenzhounese,8000000,Medium,Residential,low
1227,Wenzhounese,8000000,Large,Residential,low
1228,West Ambae,13700,Smallest,Community,low
1229,Western Armenian,3843000,Medium,Residential,low
1230,Western Armenian,3843000,Large,Residential,low
1231,Western Armenian,3843000,Small,Residential,low
1232,Western Armenian,3843000,Smallest,Community,low
1233,Western Armenian,3843000,Small,Historical,low
1234,Western Yiddish,31136914.04,Smallest,Historical,high
1235,Winnebago,250,Smallest,Historical,low
1236,Wolof,5267290,Small,Residential,low
1237,Wolof,5267290,Medium,Residential,low
1238,Wolof,5267290,Medium,Residential,low
1239,Xhosa,19183300,Smallest,Community,low
1240,Yakan,130000,Smallest,Residential,low
1241,Yakut,450000,Smallest,Residential,low
1242,Yemba,300000,Small,Residential,low
1243,Yemeni Arabic,26453300,Small,Residential,low
1244,Yemeni Arabic,26453300,Large,Residential,low
1245,Yemeni Arabic,26453300,Medium,Residential,low
1246,Yemenite Judeo-Arabic,50300,Medium,Residential,low
1247,Yiddish,367357,Small,Residential,low
1248,Yiddish,367357,Small,Residential,low
1249,Yiddish,367357,Largest,Historical,low
1250,Yiddish,367357,Medium,Community,low
1251,Yiddish,367357,Largest,Historical,low
1252,Yoruba,39844260,Medium,Residential,high
1253,Yoruba,39844260,Small,Residential,high
1254,Yoruba,39844260,Medium,Residential,high
1255,Yoruba,39844260,Medium,Residential,high
1256,Yunnanese,45966239,Small,Residential,high
1257,Zacaptec Mixtec,1500,Small,Residential,low
1258,Zaghawa,316660,Smallest,Residential,low
1259,Zapotec,441182,Small,Residential,low
1260,Zapotec,441182,Small,Residential,low
1261,Zapotec,441182,Smallest,Residential,low
1262,Zapotec,441182,Smallest,Residential,low
1263,Zapotec,441182,Smallest,Residential,low
1264,Zarma,3680100,Smallest,Residential,low
1265,Zaza,1344000,Smallest,Community,low
1266,Zoroastrian Dari,8000,Smallest,Community,low
1267,Zulu,12000000,Smallest,Community,low
1268,Zuwara,31136914.04,Smallest,Residential,high
1269,Ü-Tsang Tibetan,31136914.04,Medium,Residential,high
